time,agegrp,sim_low95,sim_median,sim_up95
4,1,0.10648740666684806,0.12669344611273015,0.15178050580536842
4,2,0.025458458800641556,0.031515043132995246,0.03956903201885154
4,3,0.0036537394372052976,0.0048426519912868,0.006545031416005719
4,4,0.005678613867577527,0.007496387112683288,0.010079332957944775
4,5,0.021816170262734757,0.02900031661963979,0.03891454932661741
11,1,0.08827446869812637,0.10685413052483117,0.12993756158660555
11,2,0.02089035835999324,0.026278580569470966,0.033541737771043356
11,3,0.0027481310378808877,0.0037303273015900475,0.005163241562302101
11,4,0.004284549252504631,0.005791157739245744,0.007964237583697993
11,5,0.016228583253416647,0.022048566195423787,0.030269411960502302
18,1,0.07448825182716116,0.09154092741442199,0.11311145702795822
18,2,0.017431082099645997,0.022320514820092854,0.028928681373019054
18,3,0.0021264171041692668,0.002941963617527796,0.004155293517164072
18,4,0.003323184396712251,0.004580982945436145,0.006422995020411348
18,5,0.012384715030094714,0.01719228178159629,0.02415307329831276
25,1,0.06413545035467642,0.07986523861681397,0.10026140858285891
25,2,0.014876478887178524,0.019350665561284737,0.025486724837697358
25,3,0.0016890944213599358,0.0023856469598341856,0.003433472949536271
25,4,0.002648272591916193,0.0037220469907212716,0.005300180122464511
25,5,0.009748316230605073,0.013788160561686427,0.019746013384254125
32,1,0.05630382818274056,0.07118837011255968,0.09073279402237773
32,2,0.013005489770621386,0.017170573524731055,0.02296944766332326
32,3,0.0013849569936669535,0.001993007924214076,0.0029088421204694925
32,4,0.0021793839880067953,0.0031162777077342377,0.004520579066593684
32,5,0.007928498908287257,0.011398386283672839,0.01663523308685975
39,1,0.05070184515083161,0.06502201053975809,0.08382243140409142
39,2,0.011733021145295616,0.01566639781688177,0.0212319963764273
39,3,0.0011771601999837702,0.0017199583006027074,0.0025433410893103943
39,4,0.0018550598848519108,0.002696747690415081,0.003976846563751641
39,5,0.00666109795083764,0.00974292309489606,0.014435572023647121
46,1,0.0470210250719502,0.061020041348748236,0.07943071662534193
46,2,0.010896460543432277,0.01472861011284617,0.020159421275021277
46,3,0.00103860544411917,0.0015378343985769359,0.0023034213671285597
46,4,0.0016374026471371033,0.0024132948731597735,0.003606972991943245
46,5,0.005821411275864774,0.008626577853723746,0.012907803870458959
53,1,0.04497934462801647,0.05896932497799272,0.07745997208965998
53,2,0.010474547410726587,0.01429879208778272,0.0197199060326932
53,3,0.0009534045629071361,0.0014269122726884229,0.0021593435394014478
53,4,0.001505370039269379,0.002240896733845531,0.0033862868386871055
53,5,0.005289951307616582,0.007938663433452935,0.011979698953474793
60,1,0.04455411653205541,0.05888384371469972,0.07785495769108303
60,2,0.010452298856254101,0.014366970304151162,0.019938186411696396
60,3,0.0009123218387516484,0.0013761559629477988,0.002104507114310403
60,4,0.0014433774747052033,0.002162280827800691,0.003301664851910478
60,5,0.005019649194771845,0.007593802230853115,0.011557858074159353
67,1,0.04578794872592944,0.060829247528288694,0.08084571414771373
67,2,0.010834506100157786,0.01495484106297741,0.02083876736935898
67,3,0.0009117135717870632,0.0013822723411126008,0.0021235005594606804
67,4,0.0014427074133707039,0.0021696319488015295,0.00333553004065495
67,5,0.004978906726099722,0.007572052129552509,0.011598739199995246
74,1,0.0489081760395588,0.06521070567936174,0.0868249648296774
74,2,0.011698948750878154,0.01618248144752555,0.022585910766324505
74,3,0.000953783806981055,0.001446771153367732,0.0022289235379740185
74,4,0.0015038904264223496,0.0022696959658540456,0.003494518308114615
74,5,0.00515916035667775,0.00786236433209012,0.012089317928948632
81,1,0.05451118550664037,0.07257412638939094,0.09666679173940376
81,2,0.013197342978693906,0.018215771267699427,0.025366631086692643
81,3,0.0010433289621298804,0.0015820704887368159,0.0024303339507189313
81,4,0.0016458505091647725,0.0024779722485026084,0.0038034443608945256
81,5,0.005599616240052298,0.00853183521494817,0.01311459464092598
88,1,0.06336141763936994,0.0840838253728018,0.1116143859359523
88,2,0.015540758391262694,0.021369083756357186,0.029581101854500816
88,3,0.0011975491077458828,0.0018062264676735958,0.0027657727644317506
88,4,0.0018839272928272306,0.0028238255464245344,0.004319251882622051
88,5,0.006393500692983853,0.009669214373935017,0.014822498922567078
95,1,0.0769100274287942,0.10145284906307886,0.1338809517957469
95,2,0.01913206212207843,0.026122037260508494,0.03594541441859498
95,3,0.0014387834853266156,0.0021542538494142395,0.003272296363266815
95,4,0.0022559703280028475,0.0033625084606601413,0.0051129365078961845
95,5,0.007635793862622912,0.011453477832891358,0.017431061943792864
102,1,0.09760970861942159,0.12749690910318423,0.16686826374994312
102,2,0.024656585999761754,0.03332324720445229,0.0454012346316369
102,3,0.0018170126198854772,0.002687234867828861,0.004045608492792379
102,4,0.0028354798846300586,0.0041860339940822545,0.006303838883545069
102,5,0.00957949415878098,0.014193145453306414,0.02137323041091006
109,1,0.12942715979968686,0.16718511893110857,0.2155049220530437
109,2,0.033276907775569735,0.044285613315641695,0.059463973169302374
109,3,0.0024027624447013523,0.003503245693004234,0.005202075954435543
109,4,0.0037287010365717713,0.00543931020176246,0.00807583266338448
109,5,0.012532075223777799,0.018373978047447493,0.02733222053993482
116,1,0.17928576332853752,0.22839675780138807,0.28895597874228957
116,2,0.04688350638557381,0.06145845313934321,0.08086795556245227
116,3,0.0033218975502326423,0.004761325159624479,0.00695156583559674
116,4,0.005150245906280357,0.007368558312854943,0.010770678460907986
116,5,0.01724952186128364,0.024824981477340385,0.03632062806906256
123,1,0.259469014930648,0.32408682641171804,0.4046297629196985
123,2,0.06901847443932801,0.08861183922400054,0.11425311080733626
123,3,0.004813568860580735,0.006763963324415277,0.009656216942539769
123,4,0.007427501013498316,0.01043579754036588,0.014912527860379318
123,5,0.02483739057433692,0.03503882017806794,0.0501193545831438
130,1,0.38964762803209924,0.4775797121433938,0.5855247512477326
130,2,0.1056414963542744,0.1329679512391469,0.16752981524127453
130,3,0.00730129442779914,0.009992123915540512,0.013943349081700697
130,4,0.011212964901195341,0.015353892021974444,0.021449003166723563
130,5,0.03740982733447665,0.0514557784867954,0.0719105474301768
137,1,0.6081702812708091,0.7274729376355448,0.8753029238602492
137,2,0.16815300717233508,0.20635232871768838,0.25421016209062425
137,3,0.011519824960267287,0.01534646067431338,0.02081167006436403
137,4,0.017633722223428374,0.023499755826825196,0.031910215353557654
137,5,0.05873143868121459,0.07855620132900001,0.10674084015282037
144,1,0.9752075182426448,1.141924243055072,1.3410585082527409
144,2,0.27595103212434197,0.3301956128818712,0.39763447985400213
144,3,0.01888599563183883,0.024419086694123827,0.03213428398976882
144,4,0.028811966205064016,0.03726671537609208,0.04916772849663156
144,5,0.09564561845901248,0.12431343069482717,0.16386575642802628
151,1,1.5996860527958705,1.8294868242790088,2.105406491394308
151,2,0.46447405256574203,0.5412994405382363,0.6365252823107221
151,3,0.0318838691622134,0.040039265331555135,0.051069075691244574
151,4,0.048452139160728276,0.06087264722426192,0.07770493576010608
151,5,0.16106786864800485,0.20284098174095644,0.2591370696753334
158,1,2.618241663431816,2.9582401098721824,3.352829567666182
158,2,0.7897891261918101,0.9014967404314418,1.0333465833691318
158,3,0.055244510570983306,0.0672861722715222,0.08308878671815803
158,4,0.08313510885859718,0.10163450717193667,0.12610935555233901
158,5,0.27708710722688806,0.33918072350646206,0.4201036028561502
165,1,4.198948728162188,4.723479291246848,5.328265018015125
165,2,1.3315226533664168,1.5004282059423868,1.6942388696592403
165,3,0.09699413772498137,0.1146578661315986,0.13747580219967753
165,4,0.14540601393907848,0.1722619807157674,0.20698226909014925
165,5,0.4846494123690563,0.5755760178806403,0.6926136412312572
172,1,6.393263216376878,7.244909052445623,8.145348688527335
172,2,2.169587169147274,2.43537886398361,2.7327089866652994
172,3,0.17049038958342036,0.1960685938734974,0.22808629813455333
172,4,0.2536567059226223,0.2918034930343806,0.34032522107149876
172,5,0.8510990548370125,0.9811805378776486,1.1458180407868097
179,1,8.988882228859213,10.2368933832321,11.470433019923554
179,2,3.3117542159316313,3.7317557537722745,4.172416333432436
179,3,0.2943995279481114,0.32997373530078755,0.37376586723322786
179,4,0.4323702049531475,0.48517512245174305,0.5504687344787432
179,5,1.4664995800350453,1.6487125648920329,1.8721076101581424
186,1,11.27841742966776,12.757580749661141,14.24038046942679
186,2,4.605655753181895,5.187998709089681,5.763932382626323
186,3,0.4823797733405051,0.5340741075684514,0.5956164622434389
186,4,0.6982181711013918,0.7724335295953162,0.8581908303400507
186,5,2.40668373344636,2.6687458863415037,2.9765535704754735
193,1,12.259693738023726,13.607045140068173,14.998083732688114
193,2,5.680948368169506,6.3233905764918745,6.965338548936259
193,3,0.739292858771435,0.8118748168093655,0.8939222847877603
193,4,1.0499284064673067,1.1501784235017678,1.2624029135606127
193,5,3.7018627714549956,4.066338788729148,4.481559783645463
200,1,11.474451600799329,12.506493023152089,13.647077611319915
200,2,6.125774331659436,6.689697076538776,7.262764738567442
200,3,1.0377006143063456,1.1327466126996277,1.2354923882064455
200,4,1.4446615581125988,1.5733188045704258,1.7119467423638552
200,5,5.2450100711442635,5.717874203961738,6.248361906173279
207,1,9.553362226391084,10.367268353784233,11.27070661110423
207,2,5.782460472663581,6.246254305363765,6.748228845221467
207,3,1.3225470414366056,1.4355583670360843,1.552224529419863
207,4,1.8149993553758679,1.966604115842573,2.127112577183433
207,5,6.7810413756036505,7.364247578375467,7.980527329125084
214,1,7.5814340449602104,8.247934688922928,8.99883851941893
214,2,4.9230650900845205,5.338087980975741,5.796473539613019
214,3,1.5270076497237084,1.6480089985854343,1.7769010205295253
214,4,2.08795688921856,2.2516897539322205,2.4311633165685946
214,5,8.035252564737153,8.675018959423062,9.368419601254146
221,1,6.104510562273318,6.621142035490687,7.209501134276508
221,2,3.9415864433958596,4.3260699361079045,4.7524447659367945
221,3,1.6056918569698053,1.7241056040417555,1.8567910596564563
221,4,2.211009796044401,2.3775227383011206,2.563583221850915
221,5,8.745290578456792,9.410923122931406,10.14518444408354
228,1,5.08410941544748,5.485610651005503,5.939395236679324
228,2,3.087804481358204,3.4131901961574096,3.7907303140144113
228,3,1.5490402482148844,1.6622927253175452,1.7900921305977797
228,4,2.170018143100008,2.3328346330638876,2.5173170325473557
228,5,8.818515108305359,9.475050341762278,10.209893064573034
235,1,4.339508129056188,4.665191982556072,5.029670462395881
235,2,2.4024782525306723,2.6669180076499766,2.9831358307747697
235,3,1.3905893234417384,1.4951014531958284,1.6138027947319722
235,4,1.9955384010641057,2.143621322846159,2.3126407361749646
235,5,8.319585952015602,8.925016833429336,9.6144206973532
242,1,3.7386877636274907,4.014373161259698,4.322726051881634
242,2,1.8722775484172742,2.0836418032732134,2.336615018673122
242,3,1.1787717955047534,1.2697116012898708,1.372666621903275
242,4,1.731675718065315,1.861418339278347,2.0096417090615804
242,5,7.381898425047897,7.930082029498031,8.552332477593522
249,1,3.2170099961496588,3.45457687204468,3.713667026077943
249,2,1.4705345368849676,1.6342676171801855,1.830792678084177
249,3,0.9545766529500131,1.0319444509666376,1.1177297843990537
249,4,1.4306449038176752,1.5418739587791017,1.6657459387138338
249,5,6.2276430533199,6.702234804511514,7.230097043274119
256,1,2.7506239610763865,2.9535607686633885,3.1749253837528113
256,2,1.160366661422419,1.2865158456433115,1.4374907586305363
256,3,0.7472692149926404,0.8097753111734148,0.8793466174930789
256,4,1.137877941808823,1.2296883735077366,1.3306439197600497
256,5,5.033312448286355,5.432269548027553,5.869700109982669
263,1,2.3335378336982653,2.5074055241993736,2.6952466561274475
263,2,0.9188054246238273,1.0165971924457016,1.1327824444819619
263,3,0.5697735809606679,0.6186267802072276,0.6751219498155911
263,4,0.8779620568803194,0.950884237917381,1.0323319425089506
263,5,3.932272892638204,4.253752823193404,4.606212254054342
270,1,1.9634163473162558,2.1121106007465906,2.272664714623978
270,2,0.729748187520443,0.8054403059626911,0.8951060647365743
270,3,0.42605146957806905,0.4640646596481846,0.5075431389128268
270,4,0.661068216743598,0.7184418569161517,0.7812507350742307
270,5,2.984715216344774,3.2385186264059977,3.52174991724905
277,1,1.641089238805654,1.7662250215820203,1.8989464248707797
277,2,0.5801195625472152,0.6390121122255505,0.7083018349310501
277,3,0.31314676232760685,0.3430146737091538,0.37714814134403046
277,4,0.488386254518245,0.5330894922984124,0.5824259267296037
277,5,2.210257433382915,2.4113622524128604,2.6333109162468666
284,1,1.3617808708120553,1.4668127332229113,1.5798349377180092
284,2,0.46032143173940765,0.5068771161203824,0.5619732511557523
284,3,0.22775407626493932,0.2506212632324206,0.2766683093546426
284,4,0.35521478014560665,0.3901121744987225,0.4286127687023275
284,5,1.6091155930996237,1.7630262962734693,1.9355381951888442
291,1,1.1231709752830814,1.2118625504887373,1.306213796801887
291,2,0.3644912656321495,0.4017924548944145,0.44586576656113347
291,3,0.16394719500176708,0.18140886973031484,0.2017801871839987
291,4,0.25575332371536785,0.2823688566915797,0.3122874968356696
291,5,1.15226961824571,1.2703819082528964,1.4037622377742145
298,1,0.9211608190780568,0.9952263069012515,1.0750363577224762
298,2,0.2877841371514506,0.31791264483392156,0.3537865846612402
298,3,0.1170997424122465,0.13047478896365547,0.14615664818296223
298,4,0.18258477934981066,0.2026070921645185,0.22625601113017885
298,5,0.8147905393114316,0.9059293638178858,1.0101420884254484
305,1,0.7513280302323749,0.8133949922228608,0.8813133090660653
305,2,0.22692995673406977,0.25116208403527834,0.2806778478157707
305,3,0.08288676740959765,0.09332065507442541,0.10571784299430816
305,4,0.1291915369297481,0.14471679649305447,0.16353428671882062
305,5,0.5699939304523218,0.640449564985168,0.7232171002562542
312,1,0.6092556931733034,0.6624261633829287,0.7208835835533525
312,2,0.1780995268585028,0.19814964848030445,0.22286220231202478
312,3,0.058389828393782955,0.06646487315148666,0.07640918683291056
312,4,0.09073664741766731,0.1029227137135362,0.11772761151946398
312,5,0.3962609847006858,0.449934325524181,0.5154668218256765
319,1,0.4918246048269452,0.5376781346569469,0.5896976845559299
319,2,0.1393491441950682,0.15622086174385102,0.17704835557665624
319,3,0.040965497626331164,0.047296063755770244,0.055231659750633634
319,4,0.06349427017368621,0.07304002929581975,0.08487242515511577
319,5,0.27359067348418165,0.31535877973711574,0.3658360009088722
326,1,0.39548312440138167,0.43579884382309986,0.48195137543023053
326,2,0.10855690468985413,0.12310052168566188,0.14111116245678418
326,3,0.028642603305552596,0.03363122040550147,0.0398640455350557
326,4,0.044299990513983006,0.051841520869116094,0.061227695445058704
326,5,0.1881280351421515,0.22074792766236118,0.2605420724801307
333,1,0.3181244400366024,0.35288420481656946,0.39391638965121945
333,2,0.08476692885749518,0.09712491294830741,0.11259353841862826
333,3,0.020074518335710743,0.023979090239904972,0.028833574049127793
333,4,0.03101853131283667,0.03692346255094636,0.04424251840990139
333,5,0.12958378049517175,0.15481186569478023,0.18606712398617245
340,1,0.254882520349295,0.28616508030330323,0.32367745212348953
340,2,0.06631776901181136,0.07684284479407158,0.09014118566742961
340,3,0.014140460857978022,0.017179677084574484,0.02107965615191403
340,4,0.021801954751850983,0.026437048770234478,0.03234426515154748
340,5,0.08970271221461804,0.10924946899218173,0.13380882354425794
347,1,0.2044367168745964,0.23247912522319492,0.2662656214515772
347,2,0.05208633498623478,0.06106396874052623,0.07285500622122755
347,3,0.009998921227094568,0.012401740194426364,0.01554195565308791
347,4,0.015439731716683868,0.019075672778808138,0.023834300962020678
347,5,0.06258510750762127,0.07764675239447916,0.09699262370803652
354,1,0.16481093798580485,0.18980031068385805,0.22017412812558484
354,2,0.041007837050199045,0.04892243970488429,0.059321689907662324
354,3,0.007149809538738329,0.009047445458951718,0.011596112538379295
354,4,0.011046031852871431,0.013931691459537794,0.017828309264104895
354,5,0.04409590859464095,0.05582036853329264,0.07132207632554231
361,1,0.13384506474377028,0.1562273903452817,0.18402460367844112
361,2,0.03255883786064402,0.039550682859887255,0.04878236277301165
361,3,0.005167323382945205,0.006696395886771021,0.00878019725081881
361,4,0.008016959943308706,0.01032877141448122,0.01352729530113036
361,5,0.031434209810887646,0.04069545021120837,0.05316595027470311
368,1,0.10950112496425797,0.12990636785797902,0.15528272255286257
368,2,0.026217594539920928,0.03238462958994712,0.04056956537105288
368,3,0.0038117834617701816,0.005035732599650133,0.006779403681257782
368,4,0.005919466074410247,0.007790404792999371,0.01043762269402345
368,5,0.022801055909742313,0.030206228432165173,0.040396595924651744
375,1,0.09056189436180674,0.10933329625496033,0.1326773163272904
375,2,0.021468165462823673,0.02693883045834099,0.034295513794861454
375,3,0.002858610114304126,0.0038662029955492676,0.005333229030922435
375,4,0.004454213881605403,0.005996725082554999,0.008222039271311274
375,5,0.01691004381382803,0.02289381492188805,0.03134690420719261
382,1,0.07616501729991823,0.09346907795119538,0.11522052723064635
382,2,0.017859911520980674,0.022818626056317484,0.029508326073763243
382,3,0.002202049878954333,0.0030384505210338734,0.004278960422887085
382,4,0.0034426003451508425,0.004728884101652073,0.006612202008664629
382,5,0.012849268956906077,0.017785509395736608,0.02489834860903816
389,1,0.06543584034717156,0.0813134010707946,0.1018542014011132
389,2,0.015192536671934974,0.019718483730523644,0.025928430938381215
389,3,0.0017423069362100258,0.002453528736139533,0.0035240602494427437
389,4,0.0027294298474890796,0.003827159165463277,0.005438950030710226
389,5,0.010063209584542926,0.014207487437551097,0.020292785519888
396,1,0.0572560565246713,0.07223312359540418,0.09188670686209431
396,2,0.0132269817327902,0.017433165816803764,0.0232780850129018
396,3,0.0014211614354412976,0.002040563108388251,0.002972625920846989
396,4,0.002236227273334005,0.0031894290331694448,0.004614950778121675
396,5,0.008152891123054357,0.011690033649666752,0.01702893147311119
403,1,0.0513621942172194,0.0657473328847337,0.0846022519849501
403,2,0.011882927643790049,0.01584065873205119,0.021434720684303674
403,3,0.0012018933539645349,0.0017526923767142515,0.002587824285175359
403,4,0.001893617410774785,0.0027470436379269407,0.004043099547683256
403,5,0.0068105852466162735,0.009939748959871736,0.014702794070443233
410,1,0.04743240365282501,0.061446142596989856,0.07991435392183148
410,2,0.010987082468167573,0.014827900064755054,0.02026976568075357
410,3,0.0010546601772570372,0.0015587764449082795,0.0023301727768677044
410,4,0.0016627350351807533,0.002446031531137837,0.0036488482161016484
410,5,0.0059202214277865595,0.008755993067986589,0.013086767791103765
417,1,0.04515983480900452,0.059127836302900534,0.07759151955587273
417,2,0.01050700474638672,0.014325769506059603,0.019738874154410332
417,3,0.0009625479082580804,0.0014388505796051557,0.0021751062490631165
417,4,0.0015197520913046091,0.002259290535404625,0.0034099045758553435
417,5,0.005347979406531643,0.008014887349293986,0.012070273999162455
424,1,0.04450035967820476,0.058762025497227505,0.07761157610351346
424,2,0.01042861196517416,0.014319898712355957,0.01985811002036794
424,3,0.0009152082216724181,0.0013795503898909236,0.0021068923947692012
424,4,0.0014479185721048603,0.0021680288394342545,0.003306150636002982
424,5,0.005040872451229771,0.007623491562248092,0.01158620796037503
431,1,0.045495595005530035,0.06040063535459422,0.08024527929509027
431,2,0.0107489296470164,0.0148330238383234,0.02065719910070737
431,3,0.0009092202345046212,0.00137774201942656,0.0021149592827068046
431,4,0.001438655392460076,0.0021627086167237426,0.0033208419085676865
431,5,0.0049709363479558035,0.007555567181069226,0.011563395072971588
438,1,0.04830144537381057,0.06439670606171152,0.08571514293979743
438,2,0.011537405107368323,0.015960278612885043,0.022272953240490306
438,3,0.0009447957569053303,0.00143344258890448,0.0022085153990785778
438,4,0.0014903779351520534,0.0022495298942738244,0.0034628569835241096
438,5,0.005116362273051542,0.00779778993299745,0.01198831613135748
445,1,0.05351533840674362,0.0712771568502531,0.09493397750031475
445,2,0.012932491248720665,0.017860082952775976,0.024887046310346602
445,3,0.0010266799691113682,0.0015579396916425852,0.0023934306493257006
445,4,0.001620670111448172,0.0024396762826229784,0.003747750747925549
445,5,0.005516542418422023,0.008409411419507516,0.01293367572378069
452,1,0.06183901915467654,0.08211349946515872,0.10908072930473327
452,2,0.015136732230307298,0.020831249650237152,0.028867415828904768
452,3,0.0011708222685906633,0.0017670674527285692,0.0027085550377791544
452,4,0.001841640678787255,0.002763744192481195,0.00422792653537966
452,5,0.006253787310640493,0.009471050389189616,0.014523200687428475
459,1,0.07457703449273749,0.09848943713116406,0.13021830615999266
459,2,0.018521358884059064,0.025310968048165995,0.03488674969247423
459,3,0.001397667292199139,0.002094836556642404,0.003185153060560435
459,4,0.0021922767852627836,0.003269370401711461,0.0049784895716212816
459,5,0.00742143245825732,0.011146367930442378,0.01698650810438179
466,1,0.09406126797715485,0.12305975480825547,0.16123332981589122
466,2,0.023694755132893142,0.03209304331724466,0.043788867428222224
466,3,0.001751464507420759,0.0025971349999185937,0.00391573938716238
466,4,0.002735897050275999,0.0040459239505189265,0.006099601954122717
466,5,0.009242873285494297,0.013722629358434478,0.020713332770223934
473,1,0.12393554774843431,0.16039953704116655,0.20724115227554282
473,2,0.03177500806278888,0.042384561987732314,0.05706962653854353
473,3,0.002301426900966242,0.003363389326788296,0.005004780712059187
473,4,0.0035760411467418763,0.005224215722956371,0.0077847726116166745
473,5,0.012024176666660568,0.01765776990932666,0.026323276277753743
480,1,0.17072032735100476,0.21790072311174097,0.2764637680936019
480,2,0.04451401650110414,0.05848379171908616,0.07717015928446025
480,3,0.0031607727895107676,0.00454278272866194,0.006651006187296056
480,4,0.004902178829451273,0.007036744820442316,0.010309387289335422
480,5,0.01643718658838824,0.02372281901470212,0.03478199098287574
487,1,0.24536651412409693,0.30752679422927875,0.38464710677950487
487,2,0.06508611118888799,0.08387322234607272,0.10846697902943775
487,3,0.004550405104229519,0.006415966187644619,0.009189312490936434
487,4,0.00702317116348962,0.009902224024206669,0.014197576522323434
487,5,0.023499624915614945,0.03327442176762939,0.04777239263436395
494,1,0.36672646211383025,0.450810749651121,0.5541143878902814
494,2,0.09911711466090442,0.12514085931541966,0.1583465151378539
494,3,0.006859040567326899,0.009425721512727681,0.013197230233328867
494,4,0.010554800548472555,0.014486679459759282,0.020315245841115517
494,5,0.03517379399356289,0.04859295960763316,0.06813816216187658
501,1,0.5694574399563799,0.6836092150597208,0.8252822299582733
501,2,0.15697976126845337,0.19336726023657602,0.2390006301047809
501,3,0.010768069307170804,0.014391352514840024,0.01962654934512078
501,4,0.016475967961022922,0.02205811551843623,0.030088156363704488
501,5,0.05490333458118037,0.07375802841691312,0.10072688935680311
508,1,0.9110008957212531,1.0684228901795438,1.2608394059710453
508,2,0.25660159690027257,0.3082287088506448,0.3724013846352254
508,3,0.017560455504679974,0.022795055446459912,0.030123485722811847
508,4,0.02681103344599906,0.03479798456210337,0.04614428388969569
508,5,0.08889255292286516,0.11616466476447837,0.15376754951532343
515,1,1.4889631694709713,1.7081809932433603,1.9701675941741477
515,2,0.4304188040290423,0.5037201034563612,0.5947597412778572
515,3,0.029550365641457785,0.03723666225132727,0.047680463478493536
515,4,0.04490727066413048,0.056646942504389744,0.07263828732311323
515,5,0.1492331944795898,0.18873655346315388,0.24216257718291812
522,1,2.440355986183421,2.7622835700976696,3.132352051261086
522,2,0.7325074706302361,0.8376635704477315,0.9631956044599476
522,3,0.05097994306569043,0.062383714195318504,0.07740476146869688
522,4,0.07684355166064952,0.09434218541907176,0.11734144766606551
522,5,0.2564798831971896,0.31469766890299933,0.3913755565070674
529,1,3.9348959452743357,4.425867356913102,4.990561233248867
529,2,1.237853902828269,1.395556314930289,1.5792453233990449
529,3,0.08936229140104723,0.10617936138589093,0.12787641745788206
529,4,0.1340211359509103,0.15966351221711944,0.19288904388284198
529,5,0.44768928730398505,0.5332752802828,0.64460565169376
536,1,6.03887230609747,6.8397870165805745,7.701753183441592
536,2,2.0292383490931845,2.278711469293181,2.556170497538562
536,3,0.15728391000912942,0.18166365742378854,0.21227406326713907
536,4,0.23425395310426575,0.27090109474505075,0.3167199724206082
536,5,0.7852195977437566,0.9096743449942033,1.0667619171489349
543,1,8.608167583511221,9.808452527120057,11.00015796952005
543,2,3.131277066896851,3.5280369687338995,3.952436094211767
543,3,0.2728037333306458,0.30674748592523604,0.3488732279759135
543,4,0.4011227729993104,0.4519823845215504,0.5145136807528565
543,5,1.3602384569143968,1.533002192755664,1.7465815946369105
550,1,11.012039444495782,12.477285046709031,13.929730255436068
550,2,4.419385252446574,4.985918971829344,5.5432474296069
550,3,0.450985709496394,0.5001460586973225,0.5584896333195779
550,4,0.6542220421743465,0.725176862127614,0.8079734001318587
550,5,2.249998057400809,2.499427517687489,2.7924962198025254
557,1,12.237451619640447,13.614290791152921,15.035792329764478
557,2,5.556868229001412,6.199367177755842,6.843114797218583
557,3,0.6992571531199652,0.7682326422177607,0.846951258744651
557,4,0.9955415125312648,1.0915026719250964,1.2004363850267517
557,5,3.4987211410628674,3.8446414925830563,4.244274436839781
564,1,11.684925024263096,12.754985745292991,13.9252753025819
564,2,6.108585303197685,6.691274201061133,7.279120462983706
564,3,0.9944654830895892,1.0862146636430337,1.1872595020540495
564,4,1.3886864813052027,1.512445039474384,1.6486369114745123
564,5,5.017261068614208,5.474225483439937,5.990100863068752
571,1,9.859656282869596,10.693414683308852,11.624518536606073
571,2,5.872839737464012,6.348356595764605,6.854906609461452
571,3,1.2851565155836637,1.3963147598052776,1.5116595814835947
571,4,1.767359543004754,1.9152808897054268,2.0731996141593627
571,5,6.568241390328144,7.141348143969827,7.747968461189367
578,1,7.83579820224773,8.525747245845917,9.297136402042405
578,2,5.058899668611509,5.481257792070052,5.947889124607667
578,3,1.5055198692297562,1.6253075359199003,1.7528424824489104
578,4,2.0584620786062056,2.2203806155754853,2.3981276460468126
578,5,7.888855562959665,8.51856003671579,9.199188723060976
585,1,6.285071108219673,6.8203127587724115,7.432205296256515
585,2,4.079316837746489,4.466900647113956,4.898547321585284
585,3,1.6032803911196507,1.7223007615132584,1.853842406881925
585,4,2.2028954217778325,2.370249345809672,2.5559746499546483
585,5,8.682494877518344,9.346093455013573,10.077803883416117
592,1,5.210597079966456,5.62456233352766,6.095590946772222
592,2,3.1995735213472796,3.5344361232050954,3.9184260620736318
592,3,1.5651318619791659,1.6790475165654049,1.8068886584543649
592,4,2.185606874673748,2.34932219964855,2.5345818601284478
592,5,8.843445658963603,9.508753854033861,10.2458446929422
599,1,4.435888559539898,4.7691005518371,5.143663643114993
599,2,2.4887887858134747,2.7634110422408615,3.086715659145929
599,3,1.417585292225064,1.523683739650833,1.6440238566192165
599,4,2.0266566384098263,2.1775104776689913,2.3494103526458905
599,5,8.423543079222735,9.037935724763287,9.728247755800249
606,1,3.819652829738012,4.101303182365498,4.416941693211035
606,2,1.939718375674883,2.1580822024556117,2.41892974187931
606,3,1.210288181672136,1.3035749676757353,1.4090803734541146
606,4,1.7727121086990016,1.9053873748038634,2.0567893074265666
606,5,7.535509502766015,8.091916702817509,8.72702749153596
613,1,3.287720891512041,3.5308726354248137,3.7963274622127643
613,2,1.5220191389258693,1.691774241360908,1.8955893325880797
613,3,0.9864495609702709,1.0655691401230083,1.1539678101014237
613,4,1.4743398254669628,1.588047365889045,1.715317633931468
613,5,6.398044485945781,6.884577357063656,7.427631617368936
620,1,2.8143111617220438,3.0216366918136943,3.248223666776625
620,2,1.2003824057186478,1.33094809774869,1.4880046063065546
620,3,0.7749263130006427,0.8398676447991777,0.9119278787220505
620,4,1.177845447458555,1.272765405321159,1.376484113261949
620,5,5.201221018026397,5.611456359435624,6.062630497236484
627,1,2.389905068416577,2.568264476704358,2.7605473281663198
627,2,0.9498315424929333,1.051060723771056,1.1715753700229217
627,3,0.5930396664048988,0.6438491722350257,0.7026177074924193
627,4,0.9125312947565017,0.9882114910587374,1.0723644293031123
627,5,4.080969999410349,4.413233576828891,4.776708096754641
634,1,2.0131990623623928,2.165642735780981,2.3298362910374277
634,2,0.7540543930927925,0.8327615196767735,0.9255822983609336
634,3,0.4447326149450554,0.483971963797874,0.5290089070695033
634,4,0.689209904087019,0.7487289073408094,0.8139915556596374
634,5,3.109400717769053,3.371944305496453,3.664928308636903
641,1,1.6835031489882695,1.8125730548834547,1.949440313624258
641,2,0.5994508936456433,0.6605171847034264,0.7324002177036365
641,3,0.32752851747294837,0.3583790293383624,0.3937222973970027
641,4,0.5104194838019943,0.556880894041208,0.6078114573250384
641,5,2.310601846192026,2.5187494778606903,2.748241384804477
648,1,1.3988534118127085,1.5069267798615344,1.622433253802286
648,2,0.47581298260670063,0.5239384943312604,0.5808399267480622
648,3,0.23840435476901864,0.2623360183862211,0.28937288008523815
648,4,0.37213416805221794,0.4082131822539017,0.44810074475527584
648,5,1.6849509763722001,1.8454146367252886,2.024976659134374
655,1,1.1548445649599843,1.2458975003855075,1.3426532253123085
655,2,0.3770173788433542,0.4154451457839089,0.4609540349900529
655,3,0.1719261336040388,0.190099213477823,0.21126345448037945
655,4,0.2682610110221997,0.29589589631974805,0.32694925286768556
655,5,1.209892744404139,1.3323995932667372,1.4705291998199632
662,1,0.9481269916122069,1.0237471475367297,1.1054953861047982
662,2,0.2976632304624179,0.3287834896080304,0.36560233776442586
662,3,0.12287007187799177,0.13682632448300192,0.15300325650394236
662,4,0.19168140488715657,0.21255835721235278,0.23714732913443168
662,5,0.8568479789161422,0.9511219233996694,1.0598818392563978
669,1,0.7736541404806025,0.8373616421852487,0.9067348796366937
669,2,0.2347514650589951,0.259786358925763,0.2899986751384763
669,3,0.08707482296136927,0.09792831633328261,0.11079478099968992
669,4,0.13587100917705836,0.15192058190182572,0.17125509196042665
669,5,0.6005098620447199,0.6731923344448458,0.7586194367824924
676,1,0.6280176490221516,0.6823240268725915,0.7421212804254584
676,2,0.1843547180826027,0.2049781307737746,0.23037132016574374
676,3,0.061411691766689314,0.06979690060548967,0.08010676258776527
676,4,0.09541598967331065,0.10807176847426936,0.12344068995936502
676,5,0.41741600150180297,0.47330102455600953,0.5411595729704904
683,1,0.5071707255198715,0.5540072372396856,0.6069631377627014
683,2,0.14425924395616596,0.16163097769384413,0.18297398634028197
683,3,0.04312094116482772,0.04966029479891179,0.057821734902250455
683,4,0.06679135935314165,0.07670760177861141,0.08889407048698225
683,5,0.28846980225396446,0.33185092867474053,0.3843151662208622
690,1,0.4081472960111356,0.44920300375625577,0.495642764612446
690,2,0.11251169707566659,0.12731299908952826,0.1457828031065139
690,3,0.03013785546951124,0.0353069468764364,0.041734988975206874
690,4,0.04662974527900969,0.054444634921536145,0.06410975266673963
690,5,0.19851931623008578,0.23230958406288166,0.2733226504004214
697,1,0.3280775295074542,0.36357516510742083,0.40536358448911347
697,2,0.08781591149420177,0.1004728209693787,0.11630348240255826
697,3,0.021128147124940235,0.025163088519857678,0.03019974525073666
697,4,0.03263969521077263,0.038742939171524216,0.046345172956007624
697,5,0.13657705641291207,0.16279915154668678,0.19520377094993113
704,1,0.26304622595578137,0.2948699151175788,0.33271521997115594
704,2,0.06871246321341902,0.07943815515403983,0.09302412115268707
704,3,0.014864869008279548,0.01801195602011392,0.02204612721932294
704,4,0.02291310201308552,0.02771581631141124,0.03381199786085787
704,5,0.0944845496446215,0.11480040953109164,0.14017594542503356
711,1,0.2109124704543735,0.23942871298136315,0.2737499789031337
711,2,0.05392156305866913,0.06308908111796452,0.07506772150824038
711,3,0.01050378570148524,0.012986088955728364,0.01621689419182556
711,4,0.016218901371930446,0.01997289183725588,0.024897029127751803
711,5,0.06587415443992209,0.08147299703116187,0.10150050465419609
718,1,0.1699548837485446,0.19530391723899393,0.2260004403116816
718,2,0.04241018834402797,0.05047352921357623,0.0610807898494478
718,3,0.00750026996577113,0.009458538902372004,0.012077534485803858
718,4,0.011572539443406088,0.014561553522571886,0.018563632739265423
718,5,0.04635789707293559,0.058484926831400795,0.0744397740824919
725,1,0.1377671047337258,0.1605490622579514,0.18876464441070961
725,2,0.03363460652375768,0.04074703211288033,0.05012320799957909
725,3,0.005405254114734914,0.006982394138443673,0.009124170767479801
725,4,0.008386672446898056,0.010766980803633789,0.014060505827953389
725,5,0.032964223048408486,0.04252739716730811,0.05543866758510678
732,1,0.11267000414612287,0.13329841325648972,0.1589408167158311
732,2,0.027027141245191188,0.03328855147182043,0.04161093815373566
732,3,0.003976322969773822,0.005238861163976162,0.007024943293170229
732,4,0.006169663130192976,0.008100978750374615,0.010823713541900195
732,5,0.02383457079400806,0.031489187296567384,0.041948897276549095
739,1,0.09295972590385047,0.1119624729911968,0.1355458534467143
739,2,0.0220467117875026,0.02763025557176508,0.03508651325135746
739,3,0.0029738439329225824,0.004009336325573284,0.005511387171469174
739,4,0.004633283030891516,0.0062149023618321,0.008492430182532405
739,5,0.01762449190111902,0.02378356817014629,0.03248424115061762
746,1,0.0779966465144136,0.09548020497278356,0.11739980140316919
746,2,0.018304701422744433,0.023338372397403887,0.03011086339618847
746,3,0.0022819474821713245,0.0031399897972347883,0.004407556416505409
746,4,0.00356719127336773,0.004884400430313726,0.006815669949990525
746,5,0.013340457520375045,0.01841208193959483,0.025687157009713656
753,1,0.06680747410733227,0.08283258461901045,0.1035345992394031
753,2,0.01553174134034366,0.020106285412316415,0.026376142724396166
753,3,0.001798640577899862,0.0025252581007530663,0.0036165058977271204
753,4,0.002815193067134097,0.003937148590071549,0.005584755953958174
753,5,0.010394845725355118,0.014638045634796842,0.02087480621676632
760,1,0.058271637287219374,0.07335351143654481,0.093115867953502
760,2,0.013465968219600433,0.017714461645439293,0.02360314326339931
760,3,0.0014600453468901534,0.002090665666730198,0.003040054733977789
760,4,0.0022954289090639716,0.0032669975052182654,0.0047144271886575325
760,5,0.00838805824281924,0.011995606908828987,0.017441881072230474
767,1,0.05207677035595584,0.06653599005942301,0.08548997681237326
767,2,0.012044060311589975,0.01602965637011042,0.021657282436759656
767,3,0.0012282782950033548,0.0017872439694447584,0.002634873457914686
767,4,0.0019348948536953737,0.002800034426414937,0.004112249550990442
767,5,0.006969443147460524,0.010151409764894585,0.014986061995745854
774,1,0.04786870913760111,0.061931580717148355,0.08047825560745074
774,2,0.011088460598047443,0.014939067014169475,0.02039367383967148
774,3,0.001071950087917539,0.001581560906304934,0.0023592676278988253
774,4,0.0016900159379577351,0.002481306377689345,0.003694149774613049
774,5,0.006025242444158257,0.008898153752248845,0.013278812004405836
781,1,0.04538345088052737,0.05933484586840489,0.07777357924985961
781,2,0.010551460999103287,0.014367430578583567,0.019774208810900546
781,3,0.0009727264546626838,0.0014520042601670119,0.0021927461180385323
781,4,0.0015356134122836143,0.0022799401797364153,0.003436440118084059
781,5,0.00541206471856428,0.008096408173071612,0.012172175980534394
788,1,0.0444922301529457,0.05869399327302641,0.07743800984929215
788,2,0.010414823125278359,0.01428918781064121,0.019799656458557028
788,3,0.0009192012507208858,0.001384398051023074,0.002112748729991669
788,4,0.0014539452723481864,0.0021752715670889317,0.0033135991220119496
788,5,0.0050683121906351936,0.007659772124146806,0.01162526825392449
795,1,0.045251870151165816,0.06002998953834458,0.07968612930262711
795,2,0.010674840736034983,0.014727645915133196,0.020496792030285798
795,3,0.0009076281060671571,0.0013745625825781634,0.0021090319184541117
795,4,0.0014359365904993715,0.002157719310967915,0.0033102890578195787
795,5,0.004968154091880383,0.007545604961603223,0.011538761553075216
802,1,0.04775308464649436,0.06364975159859751,0.08471604536592124
802,2,0.011393457877000863,0.015760927313850544,0.021984157076485367
802,3,0.0009369297653356792,0.001421165649628206,0.0021901559104712167
802,4,0.0014786978074828388,0.002231096629136341,0.00343466257416479
802,5,0.005079793489281491,0.0077406764617229135,0.011897102164667205
809,1,0.05259408348924049,0.07007536138718856,0.09334101448165286
809,2,0.012689992126594668,0.017534575856629417,0.02443877652139795
809,3,0.0010114538873159033,0.001534819525943192,0.002360368390622662
809,4,0.001597564549734206,0.0024057114736003348,0.003696488615008044
809,5,0.005440528964023483,0.008297814264879955,0.012765670653413485
816,1,0.060402299542011394,0.08025149850974844,0.10673082781734003
816,2,0.014758861325292298,0.020324886116382248,0.028219135363011426
816,3,0.0011455008877998534,0.0017305309957930362,0.002656857503357408
816,4,0.00180259413504379,0.002707235836872531,0.004144731579394998
816,5,0.006124506765125516,0.009284959774713181,0.014245289425813273
823,1,0.07241344647873461,0.09571787974159121,0.12669044022042086
823,2,0.01794971518504746,0.024553546552272185,0.03388751879853488
823,3,0.0013603577824180548,0.002038636501016368,0.0031044701743535804
823,4,0.002133765555587249,0.003183772635923492,0.004851683911655667
823,5,0.007218800207243398,0.010857660685742607,0.01656782449552221
830,1,0.09074389690654844,0.11891134160626285,0.15595136482855362
830,2,0.022820850191299608,0.03094729438145411,0.04226721913116852
830,3,0.0016909658853329547,0.00251272516415371,0.0037924335929216428
830,4,0.002643404843070237,0.003912632558330506,0.005915593386496278
830,5,0.008933075555667925,0.013285143745797891,0.020064590190097598
837,1,0.11882530171343506,0.15399064334019005,0.19946852370074392
837,2,0.030373533471301808,0.04062506768502433,0.054812444191629756
837,3,0.0022088155211353656,0.00323188552528146,0.004819866686287843
837,4,0.003433037785791786,0.005022592512381522,0.0075042972393554565
837,5,0.01155182468618324,0.016984545232148186,0.02537578180464574
844,1,0.16267857438472347,0.20802532642016525,0.26439404342624184
844,2,0.042329711126074976,0.05570148067308488,0.0737751374423885
844,3,0.003010529023444057,0.004340974094820675,0.006370561683439231
844,4,0.004671479688830205,0.00672789211451692,0.009876443789568425
844,5,0.015686259404094027,0.02267841865640027,0.03334316814867727
851,1,0.23224127177892062,0.2921844557611534,0.3656689719560087
851,2,0.0615647384632033,0.07947958568792583,0.10309616615430692
851,3,0.004305864730328368,0.006091118471798685,0.008753202196491136
851,4,0.006651751131131322,0.009402393590315047,0.013526860094451285
851,5,0.022248288043549103,0.03162127311059247,0.045535299306489925
858,1,0.3455739028360236,0.4259445987279292,0.5247390335050851
858,2,0.09311908608123323,0.117923143120696,0.14965739388700003
858,3,0.006449763192746896,0.00890288270353972,0.012492506334475831
858,4,0.009932346719881194,0.01368436154442422,0.01925861915052002
858,5,0.03310736444505787,0.045924174009742635,0.0645633398526694
865,1,0.5339786336682788,0.6427066282615468,0.7788898309094215
865,2,0.14667970212337253,0.1813555175753225,0.22476480030987517
865,3,0.010070366746015573,0.01351746123444686,0.018519108126652566
865,4,0.01541889183837696,0.02072865541448353,0.028387606624781927
865,5,0.05142984464701353,0.06930760002895586,0.09506267672499341
872,1,0.850321469374858,1.0008919439144133,1.1852815511093873
872,2,0.23873096776090535,0.2878511213336462,0.349732552692988
872,3,0.016315806429016515,0.021303169091145817,0.028257411120739633
872,4,0.024941915234065085,0.032531621741424405,0.04333722886265987
872,5,0.0828877247895738,0.10862880977435233,0.14438508805134426
879,1,1.3875365605701258,1.5965117916428162,1.8463096790210383
879,2,0.3990158411786874,0.46896147599035554,0.5560385222858324
879,3,0.02741696401137035,0.03466316747100383,0.04455959570710143
879,4,0.04160286750881636,0.05275119216334795,0.0679970306845128
879,5,0.13849046720739386,0.17576997919044807,0.22657337294357954
886,1,2.2741108857800887,2.577840606279958,2.9317220332229543
886,2,0.6788079664802498,0.778631902058394,0.8972611095325616
886,3,0.047034735539583594,0.0578862495362229,0.07205437693792803
886,4,0.07111790487157713,0.08764607435064428,0.1095101889600737
886,5,0.23695899500194295,0.2922689849840949,0.3645655960006937
893,1,3.684658848618723,4.14298860531915,4.673083657478129
893,2,1.1505515044883279,1.2982505558186948,1.470567341921373
893,3,0.08244905992091439,0.09833599309584327,0.11905912693975328
893,4,0.12368187973172225,0.1480140982842314,0.17962935576318562
893,5,0.4133046165803209,0.49416671095782033,0.6001760512870061
900,1,5.705487527483989,6.4508909640908065,7.260442748732365
900,2,1.8966601529400062,2.128875536263819,2.391314338757794
900,3,0.14513069346140103,0.1682989795533234,0.1973922840586945
900,4,0.2163527145752375,0.2513065521041574,0.2950830245299554
900,5,0.7240426474366869,0.8434640819191603,0.9923925776820323
907,1,8.229188043414524,9.372013802832193,10.516145114969081
907,2,2.957819317583793,3.329875211064757,3.7313543317555595
907,3,0.25278939410691337,0.28520008623431137,0.3251728727786487
907,4,0.3724996244500349,0.4208134642988106,0.4809478698283673
907,5,1.260170401357652,1.4256535222194213,1.6303268803168292
914,1,10.713765091840347,12.163122174988025,13.593715161746282
914,2,4.234531372796248,4.779281983879977,5.3170698677704
914,3,0.42133744432654074,0.4679471458927936,0.5232185268808184
914,4,0.6127824368654461,0.6800305198725569,0.7597476027125784
914,5,2.10141134126852,2.337134034570761,2.615772275187225
921,1,12.16945877180616,13.574599858095894,15.02883888278229
921,2,5.424124283912578,6.062198556744669,6.702635767078849
921,3,0.660272175312138,0.7258457848389585,0.8016409956304431
921,4,0.9418036325190237,1.0347145253983143,1.1395529333449432
921,5,3.2983535233722265,3.630755099439194,4.01281656130125
928,1,11.885136921934434,12.979260131282421,14.179705359324801
928,2,6.073590990623416,6.674584121694192,7.278409538373398
928,3,0.9509382941339586,1.0398219076850814,1.137639634209585
928,4,1.331061480514408,1.4513933204094782,1.583791291807631
928,5,4.790821896684652,5.23302638615775,5.727078640720854
935,1,10.161379016612852,11.012674353749507,11.968034020276757
935,2,5.954651452601436,6.437581455463601,6.957329791653379
935,3,1.2467799701665023,1.3551842553012943,1.4688763814456218
935,4,1.7156366602315263,1.8615990646739453,2.016892164408458
935,5,6.356275130445584,6.91487961320458,7.507685221542369
942,1,8.099197647503226,8.812788914321285,9.60532022417114
942,2,5.196633491736666,5.620493464493072,6.097915437209482
942,3,1.4813713752285564,1.5995725101442861,1.7263837613995445
942,4,2.023463031471592,2.185051325412057,2.3602892535288142
942,5,7.727206028756607,8.35019671822176,9.018921789830133
949,1,6.471770673243576,7.030297822741153,7.665441635162079
949,2,4.213842000429348,4.610710878188431,5.0456501198487045
949,3,1.5984556818049036,1.717579846003093,1.8493716093859454
949,4,2.192470382611864,2.359242720911306,2.544280522862954
949,5,8.608826652240577,9.267422944168917,9.998258713276883
956,1,5.3423590590442265,5.770378452132452,6.26017574779216
956,2,3.315526237922621,3.658731316826284,4.05225933620755
956,3,1.5784368042503583,1.6932600105325166,1.8222987070934364
956,4,2.196751896435689,2.362487639248533,2.5490233623416265
956,5,8.862002087825235,9.526269332392456,10.266503728422256
963,1,4.5347017249803,4.876853138550506,5.261355009238463
963,2,2.5806845098977957,2.862812245994534,3.195379475677616
963,3,1.4434468941945928,1.550834441834005,1.6730249867286011
963,4,2.0561493803340865,2.209438299716661,2.384401941719225
963,5,8.513413485414153,9.13876120988592,9.83798906359496
970,1,3.9013137610623128,4.1896737621406075,4.51266476429981
970,2,2.010088360111444,2.2353791912570427,2.5046412592096576
970,3,1.242313595155302,1.3372019746063672,1.4453236244914665
970,4,1.8131424659091413,1.9485311180370175,2.103298252227843
970,5,7.686207832034663,8.248402777597143,8.889356731353963
977,1,3.3594684759614974,3.60840867912436,3.881017171345796
977,2,1.57467748200209,1.7512515118701275,1.9627119410137956
977,3,1.018180535512042,1.0994112940344976,1.1905648173960606
977,4,1.5177696849827895,1.634038814641677,1.7648056519193056
977,5,6.5678406285463335,7.06522929958666,7.6222177878014605
984,1,2.8786696543087897,3.090585716206352,3.322258748474057
984,2,1.241236368068891,1.3768796265976864,1.540170257848156
984,3,0.803430404494603,0.8706673379102571,0.944820491365899
984,4,1.2189700158743508,1.3164020653283983,1.4239475239073784
984,5,5.3703424822899475,5.79036770082811,6.255361412948896
991,1,2.447642011664729,2.630050911465279,2.826558065052435
991,2,0.9819431213362435,1.0869958830784934,1.212021331944541
991,3,0.6171637265256453,0.6696784657130141,0.7302162110189775
991,4,0.9485082913486257,1.0264720252533284,1.113298685448192
991,5,4.233884741968593,4.576266258788339,4.950001216706836
998,1,2.0648746447547075,2.220123068181141,2.3877234409782226
998,2,0.7796337387983764,0.8609830682863568,0.9571971679662661
998,3,0.4638776335022991,0.504581412564781,0.5513729795299013
998,4,0.7186642949991183,0.7801113217424038,0.8478304989280248
998,5,3.237354904279893,3.5095761712431752,3.812941574741485
1005,1,1.7287753084192128,1.8601421509910798,2.0012509346880263
1005,2,0.6193476351775609,0.6828191482770293,0.7574159832531933
1005,3,0.34242221980720045,0.3743607703465175,0.4109991541089611
1005,4,0.5333408226886236,0.5814382784231209,0.6343506325018313
1005,5,2.4134169441870466,2.62920730518249,2.8671012170323933
1012,1,1.4373017419999894,1.5481013767978002,1.6662134145261613
1012,2,0.4920725605428598,0.5416047494949855,0.6004733981999367
1012,3,0.2496165720859126,0.2744038918916918,0.3026803069900374
1012,4,0.3899338869896916,0.42708349807448576,0.4688772377877352
1012,5,1.7637502041700222,1.9314468438865036,2.117837162817479
1019,1,1.187204665017171,1.2805232907780768,1.380241780160127
1019,2,0.3898196347066426,0.4294327403255527,0.47651615000675585
1019,3,0.18028751249121652,0.19920668586771145,0.2210552397264167
1019,4,0.28137046601269117,0.3100195152771482,0.34237389487599695
1019,5,1.2698521565530392,1.3968676066203694,1.5406339468036134
1026,1,0.9759676991584376,1.0532275184832156,1.136996515433237
1026,2,0.30792810273431326,0.3399982004747877,0.37783017101002003
1026,3,0.12895890088178166,0.14344738038834834,0.16022780619378388
1026,4,0.201150533135854,0.22296928029048074,0.2483481786240945
1026,5,0.900917072637454,0.9987018062537905,1.1107981196612688
1033,1,0.796685683007897,0.8620628625331983,0.9328283143358722
1033,2,0.2428480181416869,0.2687303861894629,0.29988339271436837
1033,3,0.09155456511369012,0.10274236452225845,0.11609428862453239
1033,4,0.1428537284224057,0.15946535629761743,0.17952133456297578
1033,5,0.6321606091821742,0.7076440182652342,0.7962921309599252
1040,1,0.6469238152280316,0.7027757146537622,0.763937735440304
1040,2,0.19090300479314673,0.2120376381740003,0.2381392100919422
1040,3,0.06459799396631385,0.07325798415427154,0.08391724897710738
1040,4,0.10037409846205085,0.1134850019449052,0.1294271124299475
1040,5,0.43970160208353853,0.49788680177460065,0.567952903141264
1047,1,0.5229844519236911,0.5709188635911687,0.6247095673921081
1047,2,0.14945404985946956,0.16720626508419462,0.18917655185720572
1047,3,0.04535198398190825,0.05213555129795,0.06054636604391755
1047,4,0.07029946143939209,0.0805600965618164,0.09317769024256312
1047,5,0.3042643703664623,0.3491473561141191,0.40361993665405554
1054,1,0.4213554323804675,0.46285013065811237,0.5102497447511689
1054,2,0.11660765497000268,0.13173324959132443,0.1504936556418695
1054,3,0.03172682474392856,0.037071537855540224,0.04371764233077613
1054,4,0.049099050693196235,0.05716606545260126,0.06721021694395538
1054,5,0.20948754648415063,0.24447226344499431,0.2869868895470391
1061,1,0.33876885035013515,0.3748184898439976,0.4171615017327436
1061,2,0.09100838136736372,0.10392566078226341,0.12014934081413603
1061,3,0.022228851689186587,0.02640298176486157,0.031634968834589876
1061,4,0.034346643764401524,0.040661476730670915,0.04854498295208015
1061,5,0.14411038462562292,0.17125659578015606,0.20464724211316726
1068,1,0.27169610192078647,0.3038018924166962,0.3422981919482535
1068,2,0.07113384466057283,0.08213349640615222,0.0960434782877392
1068,3,0.015623378568148253,0.01888239150369224,0.023033096795245393
1068,4,0.024099298540282442,0.029067256747681285,0.03535685247524045
1068,5,0.09962771084986277,0.12062263118728492,0.14687097118357964
1075,1,0.21763897852070896,0.24660785083699027,0.28125451389218875
1075,2,0.055793628937158335,0.06518977075900582,0.07732382411518969
1075,3,0.01103231185763147,0.013597993023135701,0.01692678518024779
1075,4,0.01703251910284449,0.020925963059937505,0.025990855020323125
1075,5,0.0692952196735886,0.08552681116229846,0.10624126054285248
1082,1,0.1751214308963593,0.20094069171400777,0.23230263244733754
1082,2,0.04384100191831192,0.05208383548537299,0.0628899883173292
1082,3,0.007861054906503765,0.009887882545946958,0.012588895144163474
1082,4,0.012145143536690531,0.015219644195308458,0.01933678506950274
1082,5,0.04872393159650911,0.06128459240927251,0.07771483283884605
1089,1,0.14183511043578803,0.16501291096639795,0.1936851636653073
1089,2,0.03475608139676437,0.041990515437037225,0.05153795126051275
1089,3,0.0056576544084869776,0.0072848875642777654,0.009501564550175146
1089,4,0.008777812954370813,0.011234395287866624,0.014611593662699445
1089,5,0.03459071009853869,0.04446092357922504,0.05774023424368377
1096,1,0.11594105142857483,0.13681186489830094,0.1627285455101794
1096,2,0.02784851051863116,0.034233640137082966,0.04269324345807503
1096,3,0.0041507240391266504,0.005451468230250236,0.0072823126320364084
1096,4,0.00643490463134594,0.008425826065519792,0.011230038412791802
1096,5,0.02493559087751898,0.03283486755990178,0.04358281053747493
1103,1,0.09543027281409037,0.11469903049789149,0.1385465312592977
1103,2,0.022659613972179637,0.028347512372637166,0.035931190334460156
1103,3,0.0030963883080756174,0.004159296023496633,0.005697302618674772
1103,4,0.00482244315477127,0.006447285944650523,0.008776070364325747
1103,5,0.018377346360092642,0.02472215971001248,0.03364989186584398
1110,1,0.07989967871965609,0.09757879507093306,0.11966125292599773
1110,2,0.018769723736519542,0.02387568663999975,0.030739415240953784
1110,3,0.0023660922933591575,0.0032463755126856363,0.00454616984906996
1110,4,0.003697829499011165,0.0050484748964237675,0.007023127868044168
1110,5,0.013859419076408754,0.019068457216065947,0.026523440840032577
1117,1,0.06824072990239806,0.08441726169239291,0.10529791230725019
1117,2,0.0158793086897145,0.020509338688523393,0.026838711242770253
1117,3,0.0018579118578454879,0.002600883714245517,0.0037166384233333466
1117,4,0.0029065293664680136,0.004053920567060453,0.005738194338937217
1117,5,0.010748785412266522,0.015098425815620023,0.021475101839152532
1124,1,0.059340464501506825,0.07452477729912618,0.09441695753209538
1124,2,0.013720233460088053,0.018008440269236595,0.023941810667913222
1124,3,0.001501194825978476,0.0021429403993541707,0.0031093254943811237
1124,4,0.0023600600511422443,0.003349307223179137,0.004823550510388564
1124,5,0.008632926930217506,0.0123185166998084,0.017859674836924494
1131,1,0.05283024047467235,0.06736219083458769,0.08643329207395051
1131,2,0.012213468468837462,0.016231277219739063,0.021894980607438566
1131,3,0.0012562194542974604,0.0018235348726993235,0.00268482684496273
1131,4,0.00197844919792803,0.002857421931741269,0.004185503688330305
1131,5,0.007138572981033635,0.010375905682418363,0.01528549770162178
1138,1,0.04834506390810852,0.06246016261405621,0.08109714353249413
1138,2,0.011199054321318307,0.015062538839161853,0.02053247375573166
1138,3,0.0010904712034085523,0.0016056019125905091,0.0023908094111307053
1138,4,0.001719212070324299,0.002519069756271006,0.003743337081662303
1138,5,0.006137594526951862,0.009049461089599163,0.013484259890517197
1145,1,0.045642834323624246,0.05958752496200552,0.07800810181361258
1145,2,0.010603825286148538,0.014418282838108969,0.019828047022274635
1145,3,0.0009839267333333608,0.001466307039520413,0.0022113569330302644
1145,4,0.0015526482288395276,0.0023026106216287945,0.0034638294175734956
1145,5,0.005482754403972287,0.008186553297485806,0.012296532407494237
1152,1,0.04452059913324473,0.05866852322873229,0.07734018185179743
1152,2,0.01041331153618756,0.014270532383018324,0.01975209372897437
1152,3,0.0009242743845510706,0.0013905190007889993,0.0021186232262087753
1152,4,0.0014613807675462128,0.0021847748512398486,0.003323711179954424
1152,5,0.00510258206419628,0.0077019449491376405,0.011674105224388918
1159,1,0.04504123330974416,0.05970649446871492,0.07920907912104569
1159,2,0.01061069845402081,0.014633544927836722,0.020354506257362626
1159,3,0.0009068650061139807,0.0013725764041217711,0.002104519683377067
1159,4,0.0014352047115929302,0.0021550626192224204,0.003304651868798679
1159,5,0.00497020736800441,0.007542452996131519,0.011524145775582369
1166,1,0.047271479625875905,0.06296717125231732,0.0838002078662014
1166,2,0.011256188587072084,0.015570814529527879,0.021717612878266394
1166,3,0.0009300601993807195,0.0014106420881479572,0.002172059280531863
1166,4,0.001468633419679391,0.00221490903128368,0.003409625647768695
1166,5,0.005050653007153093,0.007693589618107285,0.011816301898577746
1173,1,0.05175381589355166,0.06896284586425461,0.09186248960478308
1173,2,0.012459623330093582,0.017229076705512242,0.024023597421377038
1173,3,0.0009975622837499274,0.001514049870680456,0.0023293505508715897
1173,4,0.001576399138884863,0.002373143009788213,0.003649420976267244
1173,5,0.005372429403104924,0.00819442225180672,0.012602207656746741
1180,1,0.05906249030600927,0.07851874476679131,0.10445594994156993
1180,2,0.014412418437938205,0.019845683778953717,0.02758430509034593
1180,3,0.0011220473502223916,0.0016962836184312604,0.0026066508418633202
1180,4,0.0017665883083796533,0.0026553359441654203,0.004068413467708287
1180,5,0.0060034625334705865,0.009110761740775996,0.013991725684032851
1187,1,0.07037473055609662,0.09311607868090654,0.12338142040697234
1187,2,0.017390739487296237,0.023836539551282614,0.032920729087442355
1187,3,0.0013244918347127574,0.0019857435213026624,0.0030287118923022246
1187,4,0.0020787366973569962,0.0031036546930325007,0.004730812773598254
1187,5,0.007029853927833283,0.010584006608988486,0.016175388005149307
1194,1,0.08763099353648464,0.11497443149118061,0.15096267158262563
1194,2,0.02197387029069782,0.029861990279027136,0.04086614744075647
1194,3,0.0016350753978069113,0.0024324211476409643,0.003676566735829072
1194,4,0.0025573231267267166,0.0037895456658854606,0.005740913966892841
1194,5,0.008640611551472638,0.012873332317869777,0.019473266490243557
1201,1,0.11403098299382579,0.14802883551218976,0.1922864677269916
1201,2,0.029085540580684383,0.038985608257831955,0.05267244402573889
1201,3,0.0021212809207517345,0.00310888083294349,0.004647691240729558
1201,4,0.003296865636116992,0.004833897538426193,0.007235575275006792
1201,5,0.011109268671368114,0.016351502534658925,0.024477662438717206
1208,1,0.15512461097123992,0.19879900100154818,0.2534433663634761
1208,2,0.040257849943824864,0.05309354077604242,0.07055791740250196
1208,3,0.00287022550814019,0.00415159640197762,0.006111850626393356
1208,4,0.004456202586599023,0.0064378849014441845,0.009465433328589373
1208,5,0.014998418652203383,0.021704919769705303,0.03198111900275725
1215,1,0.219929897532185,0.2776427462255415,0.3482528125788709
1215,2,0.058166005713913,0.07542233698679268,0.09816437940414198
1215,3,0.0040787393644360305,0.005790012538725005,0.008343794905312025
1215,4,0.006309978360040921,0.008938837632051281,0.01290025560695216
1215,5,0.021087378842070983,0.030075733797381987,0.04344529214976604
1222,1,0.32581984315696955,0.4025398427389165,0.49736220527261116
1222,2,0.087567913891551,0.11121380467565686,0.1417052617038855
1222,3,0.00607203953824799,0.008413164109442567,0.011840152247156564
1222,4,0.009344340792992113,0.012937612094497085,0.018271384249509325
1222,5,0.031194253118909637,0.043440198719019496,0.06118933462477996
1229,1,0.5002483087156716,0.6050020886512396,0.7353456778630487
1229,2,0.13717848390630868,0.17017628918751265,0.2115400055614159
1229,3,0.009424980187148838,0.012709320676098645,0.01748125155833837
1229,4,0.014429303024193402,0.01948668687363373,0.026801651183631356
1229,5,0.04821031283613458,0.06518042469683752,0.08978047322433975
1236,1,0.7941450577017889,0.9383034236087431,1.1144387086133112
1236,2,0.22225722579947482,0.2689675542737919,0.3278915963232352
1236,3,0.015193654127276718,0.01992109830151746,0.026560767910201767
1236,4,0.02324130185449019,0.030440155042102676,0.04071894836626528
1236,5,0.07711931336718855,0.10167297096597114,0.13575818333511294
1243,1,1.2929889959268257,1.491552924188968,1.7301282068344475
1243,2,0.3701315855766102,0.4367407359301939,0.5199551540228716
1243,3,0.02541721705533161,0.03227368527040829,0.041669318120887054
1243,4,0.03859044846719598,0.049155709906595804,0.06363151158383587
1243,5,0.12837843620333272,0.1637844991826661,0.21202589325893664
1250,1,2.119934221933534,2.406420590680291,2.744035666688553
1250,2,0.6295597847537082,0.7237443593306379,0.8365097121959512
1250,3,0.043425910181650075,0.0537177485820825,0.06718982288444363
1250,4,0.06586848903595745,0.08146204384534059,0.10215869963660927
1250,5,0.21897632597749692,0.271405940596523,0.3403927904720217
1257,1,3.4479802189377993,3.8759516161782246,4.376035284497389
1257,2,1.0681406067484347,1.2074087116286332,1.3704881661852961
1257,3,0.07614877647919804,0.09108572030044602,0.110627245456498
1257,4,0.1142219062712482,0.13722137226977116,0.16714391774840603
1257,5,0.3811287657473262,0.4580947856359139,0.558735484187482
1264,1,5.377456053532734,6.076882177110106,6.839394201760031
1264,2,1.7706859860713366,1.9876136097685522,2.2344660132482597
1264,3,0.13382351942369164,0.15596572407499054,0.18367608597434146
1264,4,0.19981398297251507,0.23313943237663606,0.2747613289570439
1264,5,0.6685238357740361,0.7815549206347021,0.9229022965574835
1271,1,7.856459977207043,8.940853916703645,10.035500347420566
1271,2,2.7888286847811683,3.137112745140252,3.516374184169222
1271,3,0.23372107099052053,0.2648429659859608,0.30291152523230225
1271,4,0.34564145270699,0.3914816298119219,0.44940820547285143
1271,5,1.16615583713008,1.3238104023029964,1.518011952000565
1278,1,10.408177290659859,11.818512442743462,13.208655741680912
1278,2,4.049196550120566,4.569388587965997,5.088157220558497
1278,3,0.39283610041295497,0.4373443739802937,0.48956479552805904
1278,4,0.5726414445055438,0.6370689466670058,0.7142687987230095
1278,5,1.960599393596437,2.1843085346326365,2.450250515526891
1285,1,12.06393185170527,13.501192135084334,14.956387187311343
1285,2,5.277746673999517,5.909966921986659,6.54697864130268
1285,3,0.6220548422329919,0.6848538579143104,0.7574876848875121
1285,4,0.8903696826966411,0.9790145581285765,1.0805687531021348
1285,5,3.1061284056682914,3.422969950536957,3.7909114095269594
1292,1,12.029791994731573,13.170595285579672,14.42335017343964
1292,2,6.024837755325644,6.63800200904436,7.262275810004561
1292,3,0.9075751965904466,0.9931775126594671,1.0878291803504307
1292,4,1.2737419776698569,1.3901007058685448,1.5192927599894799
1292,5,4.5650064595187585,4.99233737223657,5.472045147143276
1299,1,10.455008758610026,11.333753882037088,12.3117691280602
1299,2,6.022699673164445,6.513956487506834,7.047182399977972
1299,3,1.205918679141811,1.3128217747872128,1.4242109738534547
1299,4,1.6645002506266913,1.8067322806595991,1.9590128357609538
1299,5,6.137729734058215,6.680203350438435,7.264846166148141
1306,1,8.374140920842075,9.108668438295705,9.922396202116522
1306,2,5.325703131070571,5.756631928923561,6.241728615180658
1306,3,1.4549187799897694,1.5714063509701934,1.69721777318775
1306,4,1.9877993098877562,2.14678686655225,2.3202564799449776
1306,5,7.5556161524916385,8.171380958764296,8.827057503561777
1313,1,6.671257211526151,7.252800661398202,7.910499248471523
1313,2,4.356714872095546,4.755234245252112,5.199938566586391
1313,3,1.5899810679536295,1.7098234552912213,1.84069894063672
1313,4,2.1784074168775587,2.344508769062621,2.529220610357793
1313,5,8.523523754885181,9.17591188133379,9.899796504771643
1320,1,5.478597884972577,5.92442797112361,6.431806866116819
1320,2,3.43484715890727,3.784569759313463,4.188203420340448
1320,3,1.589203833378495,1.7047004653250049,1.8349124265220444
1320,4,2.2062167653374316,2.3725170246056937,2.5595533642320305
1320,5,8.862814955114118,9.531896620300456,10.273000116722471
1327,1,4.636179335832879,4.9894892052704485,5.384621833369867
1327,2,2.674729458607048,2.965214899998063,3.307278805491963
1327,3,1.4680938050494927,1.5766188408336144,1.6999915522117177
1327,4,2.0836778944039325,2.2388141862368682,2.416614188243364
1327,5,8.593263430507044,9.2300660585793,9.937139986182952
1334,1,3.9844454467978956,4.2795883226421925,4.610659637005591
1334,2,2.0833515450243003,2.3156242418061352,2.5941051656033567
1334,3,1.2736596956288346,1.3703459048977478,1.4805009031423249
1334,4,1.85223464536411,1.990536910138203,2.147670694534918
1334,5,7.829386455077405,8.397376323196218,9.050232428751231
1341,1,3.4325733564777607,3.686969649829999,3.9649607946582264
1341,2,1.629179203565705,1.812737915491323,2.0328806179028516
1341,3,1.0499729839562442,1.1333371168750523,1.2268806884341834
1341,4,1.5609517553091157,1.68016585717245,1.8146270107965408
1341,5,6.734739844872614,7.243545558554246,7.814502265258812
1348,1,2.9444995178795903,3.1610172807402135,3.397767641481884
1348,2,1.284035096813983,1.4243448086094206,1.5942147408372387
1348,3,0.8325163662100145,0.9018786089058239,0.9783078801235224
1348,4,1.2603393473896123,1.360696718206139,1.472022398722601
1348,5,5.5404651918960415,5.971461044971666,6.449102297515954
1355,1,2.5064211674809043,2.692671177976636,2.893824701032545
1355,2,1.0151810218577821,1.1241938084942424,1.253448316020508
1355,3,0.6417592269082325,0.6962299609437148,0.7583465533462763
1355,4,0.9851621790370702,1.0655623779460786,1.1545119736557976
1355,5,4.389095249543092,4.7425694746919,5.127250314119839
1362,1,2.117261809560269,2.275796607333638,2.4474250439997722
1362,2,0.8054390976072239,0.8899138982523873,0.9900148734678293
1362,3,0.4838254008917388,0.5259129585728306,0.574280967107827
1362,4,0.7487353393631299,0.8122906879597684,0.882844031611169
1362,5,3.369845144294315,3.650583511327755,3.964413782723087
1369,1,1.7749636331372558,1.9085778381941054,2.0535797332973496
1369,2,0.639915627725009,0.705727507535977,0.7832835084610275
1369,3,0.3580775375288987,0.3911015555906361,0.4289890718031529
1369,4,0.5570332157479336,0.6070419886623576,0.6619432237974165
1369,5,2.520419365054631,2.7431357691546787,2.9906297811676628
1376,1,1.4765264139433627,1.5899698652475225,1.7105084434515476
1376,2,0.508610303720879,0.5599149458136792,0.620540614679993
1376,3,0.2612517638020675,0.2870378556570261,0.3164174482493251
1376,4,0.408118171618007,0.4466514756189979,0.4899408342520907
1376,5,1.8459469007615947,2.020479745559146,2.213670089841116
1383,1,1.220554806827706,1.3160284273440512,1.418689077631278
1383,2,0.4031431984482924,0.4439673584412288,0.4924258054351314
1383,3,0.18895099875350096,0.20861093483334192,0.23116252913419658
1383,4,0.29489167504099845,0.324717351900099,0.35831700425178575
1383,5,1.3322010293343947,1.464339556665349,1.61289305387881
1390,1,1.004430514979277,1.0833578504738828,1.1695243637598292
1390,2,0.3185755794095854,0.35161450822967566,0.3904347423931075
1390,3,0.13533687636918032,0.15035569473536572,0.16776129404262297
1390,4,0.21102360378347929,0.23378668153384596,0.26003540265497593
1390,5,0.9467632434044023,1.0483978968514318,1.1642548311155065
1397,1,0.8202872484824514,0.8873061105699777,0.9603763305018523
1397,2,0.25128878073797534,0.27792931494870593,0.31007285539714585
1397,3,0.09621316641049137,0.10779028214776841,0.12151448995621038
1397,4,0.15010987414337307,0.1672982478513131,0.18802199758125748
1397,5,0.6651906948846562,0.7436866315066337,0.8354297235254843
1404,1,0.6668396547713112,0.7236690384534259,0.7862931860175054
1404,2,0.19766695871515255,0.2193741889114813,0.24610294485225637
1404,3,0.06791655705313103,0.07689391635264586,0.08787429053362758
1404,4,0.10556085977547328,0.11917067201238339,0.1356384894891979
1404,5,0.4633132371431785,0.5237150524596238,0.5962680745186091
1411,1,0.5392031524810192,0.5882657719229951,0.6430211463841544
1411,2,0.1548324510691841,0.17298704217969463,0.19545919862210065
1411,3,0.04769439907528412,0.054731652047393636,0.063445717200416
1411,4,0.07399959808517147,0.08459813324710655,0.09765570147580052
1411,5,0.3208234150134848,0.3673432495839869,0.42376981721217716
1418,1,0.43468240427246274,0.4769953028533612,0.5250212339407487
1418,2,0.12085342981360768,0.13628312346676302,0.15550897922729354
1418,3,0.033400220155215786,0.038918523519153946,0.04579388751015967
1418,4,0.05167892046111624,0.06004932428826586,0.07033031028007157
1418,5,0.22081605640695545,0.2572630476169915,0.30121590711210255
1425,1,0.3495435161641698,0.3863016089138266,0.4292655932929337
1425,2,0.09428992645742913,0.10749096237035546,0.12402940357127465
1425,3,0.023381902412669738,0.02771203057965636,0.033119639752413624
1425,4,0.03613653564452985,0.042684062477461426,0.050833414702706116
1425,5,0.15193559921439265,0.18015758592528586,0.2145718533934135
1432,1,0.2804276255333894,0.31295590448920785,0.3521232875914679
1432,2,0.073693979474162,0.08490425082966488,0.099121031880434
1432,3,0.01641790205511394,0.019797935729055353,0.024065079041279233
1432,4,0.02534873460007628,0.030463015209442314,0.036929090922683094
1432,5,0.10499962169121113,0.1267373817486815,0.15396157970693103
1439,1,0.2246501877175925,0.25400661415726944,0.28905800957027766
1439,2,0.05770507590077597,0.067377565350705,0.07971820526998712
1439,3,0.011586443611880302,0.014247615268518685,0.017682181208095064
1439,4,0.01788100410818333,0.021913572222080742,0.02714141778137908
1439,5,0.07293612402521478,0.08978316093269174,0.11121593488014979
1446,1,0.18063845387805721,0.20682002442752775,0.2386320618920224
1446,2,0.0453676603384576,0.05374997512205715,0.06474828579435082
1446,3,0.008239973285044448,0.010344010273997103,0.013129162164327886
1446,4,0.012731107626186683,0.01591340423952252,0.020142713827775934
1446,5,0.0512090280418601,0.06423117374946329,0.0811807102162764
1453,1,0.14615944848863976,0.1696583247361147,0.1986978545139974
1453,2,0.035889633646623065,0.04328546075444693,0.052996487734021894
1453,3,0.00592925489410988,0.007602071735954917,0.009886014773943772
1453,4,0.009185134695634657,0.011724257287428878,0.015192952639738813
1453,5,0.03628367417847371,0.04649516009683255,0.060207977676014664
1460,1,0.1192909447807749,0.14044479286449768,0.16668211010862877
1460,2,0.028732180826069546,0.03521655085369808,0.04383018001975466
1460,3,0.004334457354328517,0.005676573432681088,0.007552037552950939
1460,4,0.006719264544640214,0.008769445836773925,0.011640279244255116
1460,5,0.026109945899492736,0.03425693648385953,0.045303407119776984
